7,7.14,7.28,7.42,7.55,7.68,7.81,7.94,8.06,8.18,8.31,8.43,8.54,8.66,8.77,8.89,9,9.11,9.22,9.33,9.43,9.54,9.64,9.75,9.85
7,7.14,7.28,7.42,7.55,7.68,7.81,7.94,8.06,8.19,8.31,8.43,8.54,8.66,8.77,8.89,9,9.11,9.22,9.33,9.43,9.54,9.64,9.75,9.85
7,7.14,7.28,7.42,7.55,7.68,7.81,7.94,8.06,8.19,8.31,8.43,8.54,8.66,8.77,8.89,9,9.11,9.22,9.33,9.43,9.54,9.64,9.75,9.85
7,7.14,7.28,7.42,7.55,7.68,7.81,7.94,8.06,8.19,8.31,8.43,8.54,8.66,8.77,8.89,9,9.11,9.22,9.33,9.43,9.54,9.64,9.75,9.85
7,7.14,7.28,7.42,7.55,7.68,7.81,7.94,8.06,8.19,8.31,8.43,8.54,8.66,8.77,8.89,9,9.11,9.22,9.33,9.43,9.54,9.64,9.75,9.85
7,7.14,7.28,7.42,7.55,7.68,7.81,7.94,8.06,8.19,8.31,8.43,8.54,8.66,8.77,8.89,9,9.11,9.22,9.33,9.43,9.54,9.64,9.75,9.85
7,7.14,7.28,7.42,7.55,7.68,7.81,7.94,8.06,8.19,8.31,8.43,8.54,8.66,8.77,8.89,9,9.11,9.22,9.33,9.43,9.54,9.64,9.75,9.85
7,7.14,7.28,7.42,7.55,7.68,7.81,7.94,8.06,8.19,8.31,8.43,8.54,8.66,8.77,8.89,9,9.11,9.22,9.33,9.43,9.54,9.64,9.75,9.85
7,7.14,7.28,7.42,7.55,7.68,7.81,7.94,8.06,8.19,8.31,8.43,8.54,8.66,8.77,8.89,9,9.11,9.22,9.33,9.43,9.54,9.64,9.75,9.85
7,7.14,7.28,7.42,7.55,7.68,7.81,7.94,8.06,8.19,8.31,8.43,8.54,8.66,8.77,8.89,9,9.11,9.22,9.33,9.43,9.54,9.64,9.75,9.85
7,7.14,7.28,7.42,7.55,7.68,7.81,7.94,8.06,8.19,8.31,8.43,8.54,8.66,8.78,8.89,9,9.11,9.22,9.33,9.43,9.54,9.64,9.75,9.85
7,7.14,7.28,7.42,7.55,7.68,7.81,7.94,8.06,8.19,8.31,8.43,8.54,8.66,8.78,8.89,9,9.11,9.22,9.33,9.43,9.54,9.64,9.75,9.85
7,7.14,7.28,7.42,7.55,7.68,7.81,7.94,8.06,8.19,8.31,8.43,8.54,8.66,8.78,8.89,9,9.11,9.22,9.33,9.43,9.54,9.64,9.75,9.85
7,7.14,7.28,7.42,7.55,7.68,7.81,7.94,8.06,8.19,8.31,8.43,8.54,8.66,8.78,8.89,9,9.11,9.22,9.33,9.43,9.54,9.64,9.75,9.85
7,7.14,7.28,7.42,7.55,7.68,7.81,7.94,8.06,8.19,8.31,8.43,8.54,8.66,8.78,8.89,9,9.11,9.22,9.33,9.43,9.54,9.64,9.75,9.85
7,7.14,7.28,7.42,7.55,7.68,7.81,7.94,8.06,8.19,8.31,8.43,8.54,8.66,8.78,8.89,9,9.11,9.22,9.33,9.43,9.54,9.64,9.75,9.85
7,7.14,7.28,7.42,7.55,7.68,7.81,7.94,8.06,8.19,8.31,8.43,8.54,8.66,8.78,8.89,9,9.11,9.22,9.33,9.43,9.54,9.64,9.75,9.85
7,7.14,7.28,7.42,7.55,7.68,7.81,7.94,8.06,8.19,8.31,8.43,8.54,8.66,8.77,8.89,9,9.11,9.22,9.33,9.43,9.54,9.64,9.75,9.85
7,7.14,7.28,7.42,7.55,7.68,7.81,7.94,8.06,8.19,8.31,8.43,8.54,8.66,8.77,8.89,9,9.11,9.22,9.33,9.43,9.54,9.64,9.75,9.85
7,7.14,7.28,7.42,7.55,7.68,7.81,7.94,8.06,8.19,8.31,8.43,8.54,8.66,8.77,8.89,9,9.11,9.22,9.33,9.43,9.54,9.64,9.75,9.85
7,7.14,7.28,7.42,7.55,7.68,7.81,7.94,8.06,8.19,8.31,8.43,8.54,8.66,8.77,8.89,9,9.11,9.22,9.33,9.43,9.54,9.64,9.75,9.85
7,7.14,7.28,7.42,7.55,7.68,7.81,7.94,8.06,8.19,8.31,8.43,8.54,8.66,8.77,8.89,9,9.11,9.22,9.33,9.43,9.54,9.64,9.75,9.85
7,7.14,7.28,7.42,7.55,7.68,7.81,7.94,8.06,8.19,8.31,8.43,8.54,8.66,8.77,8.89,9,9.11,9.22,9.33,9.43,9.54,9.64,9.75,9.85
7,7.14,7.28,7.42,7.55,7.68,7.81,7.94,8.06,8.19,8.31,8.43,8.54,8.66,8.77,8.89,9,9.11,9.22,9.33,9.43,9.54,9.64,9.75,9.85
7,7.14,7.28,7.42,7.55,7.68,7.81,7.94,8.06,8.19,8.31,8.43,8.54,8.66,8.77,8.89,9,9.11,9.22,9.33,9.43,9.54,9.64,9.75,9.85
